s5csebbatch2@an27-System-Product-Name:~$ sudo mysql -u root sys < sakila-schema.sql
[sudo] password for s5csebbatch2: 
s5csebbatch2@an27-System-Product-Name:~$ sudo mysql -u root sys < sakila-data.sql
s5csebbatch2@an27-System-Product-Name:~$ sudo mysql -u "sreeharip" -p
Enter password: 
Welcome to the MySQL monitor.  Commands end with ; or \g.
Your MySQL connection id is 14
Server version: 8.0.31-0ubuntu0.20.04.1 (Ubuntu)

Copyright (c) 2000, 2022, Oracle and/or its affiliates.

Oracle is a registered trademark of Oracle Corporation and/or its
affiliates. Other names may be trademarks of their respective
owners.

Type 'help;' or '\h' for help. Type '\c' to clear the current input statement.

mysql> show databases;
+--------------------+
| Database           |
+--------------------+
| Company            |
| college            |
| company            |
| csb                |
| information_schema |
| mysql              |
| names              |
| organisations      |
| patients           |
| performance_schema |
| sakila             |
| student            |
| students           |
| sys                |
| teachers           |
+--------------------+
15 rows in set (0.01 sec)

mysql> use sys;
Reading table information for completion of table and column names
You can turn off this feature to get a quicker startup with -A

Database changed
mysql> show tables;
+-----------------------------------------------+
| Tables_in_sys                                 |
+-----------------------------------------------+
| host_summary                                  |
| host_summary_by_file_io                       |
| host_summary_by_file_io_type                  |
| host_summary_by_stages                        |
| host_summary_by_statement_latency             |
| host_summary_by_statement_type                |
| innodb_buffer_stats_by_schema                 |
| innodb_buffer_stats_by_table                  |
| innodb_lock_waits                             |
| io_by_thread_by_latency                       |
| io_global_by_file_by_bytes                    |
| io_global_by_file_by_latency                  |
| io_global_by_wait_by_bytes                    |
| io_global_by_wait_by_latency                  |
| latest_file_io                                |
| memory_by_host_by_current_bytes               |
| memory_by_thread_by_current_bytes             |
| memory_by_user_by_current_bytes               |
| memory_global_by_current_bytes                |
| memory_global_total                           |
| metrics                                       |
| processlist                                   |
| ps_check_lost_instrumentation                 |
| schema_auto_increment_columns                 |
| schema_index_statistics                       |
| schema_object_overview                        |
| schema_redundant_indexes                      |
| schema_table_lock_waits                       |
| schema_table_statistics                       |
| schema_table_statistics_with_buffer           |
| schema_tables_with_full_table_scans           |
| schema_unused_indexes                         |
| session                                       |
| session_ssl_status                            |
| statement_analysis                            |
| statements_with_errors_or_warnings            |
| statements_with_full_table_scans              |
| statements_with_runtimes_in_95th_percentile   |
| statements_with_sorting                       |
| statements_with_temp_tables                   |
| sys_config                                    |
| user_summary                                  |
| user_summary_by_file_io                       |
| user_summary_by_file_io_type                  |
| user_summary_by_stages                        |
| user_summary_by_statement_latency             |
| user_summary_by_statement_type                |
| version                                       |
| wait_classes_global_by_avg_latency            |
| wait_classes_global_by_latency                |
| waits_by_host_by_latency                      |
| waits_by_user_by_latency                      |
| waits_global_by_latency                       |
| x$host_summary                                |
| x$host_summary_by_file_io                     |
| x$host_summary_by_file_io_type                |
| x$host_summary_by_stages                      |
| x$host_summary_by_statement_latency           |
| x$host_summary_by_statement_type              |
| x$innodb_buffer_stats_by_schema               |
| x$innodb_buffer_stats_by_table                |
| x$innodb_lock_waits                           |
| x$io_by_thread_by_latency                     |
| x$io_global_by_file_by_bytes                  |
| x$io_global_by_file_by_latency                |
| x$io_global_by_wait_by_bytes                  |
| x$io_global_by_wait_by_latency                |
| x$latest_file_io                              |
| x$memory_by_host_by_current_bytes             |
| x$memory_by_thread_by_current_bytes           |
| x$memory_by_user_by_current_bytes             |
| x$memory_global_by_current_bytes              |
| x$memory_global_total                         |
| x$processlist                                 |
| x$ps_digest_95th_percentile_by_avg_us         |
| x$ps_digest_avg_latency_distribution          |
| x$ps_schema_table_statistics_io               |
| x$schema_flattened_keys                       |
| x$schema_index_statistics                     |
| x$schema_table_lock_waits                     |
| x$schema_table_statistics                     |
| x$schema_table_statistics_with_buffer         |
| x$schema_tables_with_full_table_scans         |
| x$session                                     |
| x$statement_analysis                          |
| x$statements_with_errors_or_warnings          |
| x$statements_with_full_table_scans            |
| x$statements_with_runtimes_in_95th_percentile |
| x$statements_with_sorting                     |
| x$statements_with_temp_tables                 |
| x$user_summary                                |
| x$user_summary_by_file_io                     |
| x$user_summary_by_file_io_type                |
| x$user_summary_by_stages                      |
| x$user_summary_by_statement_latency           |
| x$user_summary_by_statement_type              |
| x$wait_classes_global_by_avg_latency          |
| x$wait_classes_global_by_latency              |
| x$waits_by_host_by_latency                    |
| x$waits_by_user_by_latency                    |
| x$waits_global_by_latency                     |
+-----------------------------------------------+
101 rows in set (0.00 sec)

mysql> use sakila;
Reading table information for completion of table and column names
You can turn off this feature to get a quicker startup with -A

Database changed
mysql> show tables;
+----------------------------+
| Tables_in_sakila           |
+----------------------------+
| actor                      |
| actor_info                 |
| address                    |
| category                   |
| city                       |
| country                    |
| customer                   |
| customer_list              |
| film                       |
| film_actor                 |
| film_category              |
| film_list                  |
| film_text                  |
| inventory                  |
| language                   |
| nicer_but_slower_film_list |
| payment                    |
| rental                     |
| sales_by_film_category     |
| sales_by_store             |
| staff                      |
| staff_list                 |
| store                      |
+----------------------------+
23 rows in set (0.01 sec)

mysql> select * from actor;
+----------+-------------+--------------+---------------------+
| actor_id | first_name  | last_name    | last_update         |
+----------+-------------+--------------+---------------------+
|        1 | PENELOPE    | GUINESS      | 2006-02-15 04:34:33 |
|        2 | NICK        | WAHLBERG     | 2006-02-15 04:34:33 |
|        3 | ED          | CHASE        | 2006-02-15 04:34:33 |
|        4 | JENNIFER    | DAVIS        | 2006-02-15 04:34:33 |
|        5 | JOHNNY      | LOLLOBRIGIDA | 2006-02-15 04:34:33 |
|        6 | BETTE       | NICHOLSON    | 2006-02-15 04:34:33 |
|        7 | GRACE       | MOSTEL       | 2006-02-15 04:34:33 |
|        8 | MATTHEW     | JOHANSSON    | 2006-02-15 04:34:33 |
|        9 | JOE         | SWANK        | 2006-02-15 04:34:33 |
|       10 | CHRISTIAN   | GABLE        | 2006-02-15 04:34:33 |
|       11 | ZERO        | CAGE         | 2006-02-15 04:34:33 |
|       12 | KARL        | BERRY        | 2006-02-15 04:34:33 |
|       13 | UMA         | WOOD         | 2006-02-15 04:34:33 |
|       14 | VIVIEN      | BERGEN       | 2006-02-15 04:34:33 |
|       15 | CUBA        | OLIVIER      | 2006-02-15 04:34:33 |
|       16 | FRED        | COSTNER      | 2006-02-15 04:34:33 |
|       17 | HELEN       | VOIGHT       | 2006-02-15 04:34:33 |
|       18 | DAN         | TORN         | 2006-02-15 04:34:33 |
|       19 | BOB         | FAWCETT      | 2006-02-15 04:34:33 |
|       20 | LUCILLE     | TRACY        | 2006-02-15 04:34:33 |
|       21 | KIRSTEN     | PALTROW      | 2006-02-15 04:34:33 |
|       22 | ELVIS       | MARX         | 2006-02-15 04:34:33 |
|       23 | SANDRA      | KILMER       | 2006-02-15 04:34:33 |
|       24 | CAMERON     | STREEP       | 2006-02-15 04:34:33 |
|       25 | KEVIN       | BLOOM        | 2006-02-15 04:34:33 |
|       26 | RIP         | CRAWFORD     | 2006-02-15 04:34:33 |
|       27 | JULIA       | MCQUEEN      | 2006-02-15 04:34:33 |
|       28 | WOODY       | HOFFMAN      | 2006-02-15 04:34:33 |
|       29 | ALEC        | WAYNE        | 2006-02-15 04:34:33 |
|       30 | SANDRA      | PECK         | 2006-02-15 04:34:33 |
|       31 | SISSY       | SOBIESKI     | 2006-02-15 04:34:33 |
|       32 | TIM         | HACKMAN      | 2006-02-15 04:34:33 |
|       33 | MILLA       | PECK         | 2006-02-15 04:34:33 |
|       34 | AUDREY      | OLIVIER      | 2006-02-15 04:34:33 |
|       35 | JUDY        | DEAN         | 2006-02-15 04:34:33 |
|       36 | BURT        | DUKAKIS      | 2006-02-15 04:34:33 |
|       37 | VAL         | BOLGER       | 2006-02-15 04:34:33 |
|       38 | TOM         | MCKELLEN     | 2006-02-15 04:34:33 |
|       39 | GOLDIE      | BRODY        | 2006-02-15 04:34:33 |
|       40 | JOHNNY      | CAGE         | 2006-02-15 04:34:33 |
|       41 | JODIE       | DEGENERES    | 2006-02-15 04:34:33 |
|       42 | TOM         | MIRANDA      | 2006-02-15 04:34:33 |
|       43 | KIRK        | JOVOVICH     | 2006-02-15 04:34:33 |
|       44 | NICK        | STALLONE     | 2006-02-15 04:34:33 |
|       45 | REESE       | KILMER       | 2006-02-15 04:34:33 |
|       46 | PARKER      | GOLDBERG     | 2006-02-15 04:34:33 |
|       47 | JULIA       | BARRYMORE    | 2006-02-15 04:34:33 |
|       48 | FRANCES     | DAY-LEWIS    | 2006-02-15 04:34:33 |
|       49 | ANNE        | CRONYN       | 2006-02-15 04:34:33 |
|       50 | NATALIE     | HOPKINS      | 2006-02-15 04:34:33 |
|       51 | GARY        | PHOENIX      | 2006-02-15 04:34:33 |
|       52 | CARMEN      | HUNT         | 2006-02-15 04:34:33 |
|       53 | MENA        | TEMPLE       | 2006-02-15 04:34:33 |
|       54 | PENELOPE    | PINKETT      | 2006-02-15 04:34:33 |
|       55 | FAY         | KILMER       | 2006-02-15 04:34:33 |
|       56 | DAN         | HARRIS       | 2006-02-15 04:34:33 |
|       57 | JUDE        | CRUISE       | 2006-02-15 04:34:33 |
|       58 | CHRISTIAN   | AKROYD       | 2006-02-15 04:34:33 |
|       59 | DUSTIN      | TAUTOU       | 2006-02-15 04:34:33 |
|       60 | HENRY       | BERRY        | 2006-02-15 04:34:33 |
|       61 | CHRISTIAN   | NEESON       | 2006-02-15 04:34:33 |
|       62 | JAYNE       | NEESON       | 2006-02-15 04:34:33 |
|       63 | CAMERON     | WRAY         | 2006-02-15 04:34:33 |
|       64 | RAY         | JOHANSSON    | 2006-02-15 04:34:33 |
|       65 | ANGELA      | HUDSON       | 2006-02-15 04:34:33 |
|       66 | MARY        | TANDY        | 2006-02-15 04:34:33 |
|       67 | JESSICA     | BAILEY       | 2006-02-15 04:34:33 |
|       68 | RIP         | WINSLET      | 2006-02-15 04:34:33 |
|       69 | KENNETH     | PALTROW      | 2006-02-15 04:34:33 |
|       70 | MICHELLE    | MCCONAUGHEY  | 2006-02-15 04:34:33 |
|       71 | ADAM        | GRANT        | 2006-02-15 04:34:33 |
|       72 | SEAN        | WILLIAMS     | 2006-02-15 04:34:33 |
|       73 | GARY        | PENN         | 2006-02-15 04:34:33 |
|       74 | MILLA       | KEITEL       | 2006-02-15 04:34:33 |
|       75 | BURT        | POSEY        | 2006-02-15 04:34:33 |
|       76 | ANGELINA    | ASTAIRE      | 2006-02-15 04:34:33 |
|       77 | CARY        | MCCONAUGHEY  | 2006-02-15 04:34:33 |
|       78 | GROUCHO     | SINATRA      | 2006-02-15 04:34:33 |
|       79 | MAE         | HOFFMAN      | 2006-02-15 04:34:33 |
|       80 | RALPH       | CRUZ         | 2006-02-15 04:34:33 |
|       81 | SCARLETT    | DAMON        | 2006-02-15 04:34:33 |
|       82 | WOODY       | JOLIE        | 2006-02-15 04:34:33 |
|       83 | BEN         | WILLIS       | 2006-02-15 04:34:33 |
|       84 | JAMES       | PITT         | 2006-02-15 04:34:33 |
|       85 | MINNIE      | ZELLWEGER    | 2006-02-15 04:34:33 |
|       86 | GREG        | CHAPLIN      | 2006-02-15 04:34:33 |
|       87 | SPENCER     | PECK         | 2006-02-15 04:34:33 |
|       88 | KENNETH     | PESCI        | 2006-02-15 04:34:33 |
|       89 | CHARLIZE    | DENCH        | 2006-02-15 04:34:33 |
|       90 | SEAN        | GUINESS      | 2006-02-15 04:34:33 |
|       91 | CHRISTOPHER | BERRY        | 2006-02-15 04:34:33 |
|       92 | KIRSTEN     | AKROYD       | 2006-02-15 04:34:33 |
|       93 | ELLEN       | PRESLEY      | 2006-02-15 04:34:33 |
|       94 | KENNETH     | TORN         | 2006-02-15 04:34:33 |
|       95 | DARYL       | WAHLBERG     | 2006-02-15 04:34:33 |
|       96 | GENE        | WILLIS       | 2006-02-15 04:34:33 |
|       97 | MEG         | HAWKE        | 2006-02-15 04:34:33 |
|       98 | CHRIS       | BRIDGES      | 2006-02-15 04:34:33 |
|       99 | JIM         | MOSTEL       | 2006-02-15 04:34:33 |
|      100 | SPENCER     | DEPP         | 2006-02-15 04:34:33 |
|      101 | SUSAN       | DAVIS        | 2006-02-15 04:34:33 |
|      102 | WALTER      | TORN         | 2006-02-15 04:34:33 |
|      103 | MATTHEW     | LEIGH        | 2006-02-15 04:34:33 |
|      104 | PENELOPE    | CRONYN       | 2006-02-15 04:34:33 |
|      105 | SIDNEY      | CROWE        | 2006-02-15 04:34:33 |
|      106 | GROUCHO     | DUNST        | 2006-02-15 04:34:33 |
|      107 | GINA        | DEGENERES    | 2006-02-15 04:34:33 |
|      108 | WARREN      | NOLTE        | 2006-02-15 04:34:33 |
|      109 | SYLVESTER   | DERN         | 2006-02-15 04:34:33 |
|      110 | SUSAN       | DAVIS        | 2006-02-15 04:34:33 |
|      111 | CAMERON     | ZELLWEGER    | 2006-02-15 04:34:33 |
|      112 | RUSSELL     | BACALL       | 2006-02-15 04:34:33 |
|      113 | MORGAN      | HOPKINS      | 2006-02-15 04:34:33 |
|      114 | MORGAN      | MCDORMAND    | 2006-02-15 04:34:33 |
|      115 | HARRISON    | BALE         | 2006-02-15 04:34:33 |
|      116 | DAN         | STREEP       | 2006-02-15 04:34:33 |
|      117 | RENEE       | TRACY        | 2006-02-15 04:34:33 |
|      118 | CUBA        | ALLEN        | 2006-02-15 04:34:33 |
|      119 | WARREN      | JACKMAN      | 2006-02-15 04:34:33 |
|      120 | PENELOPE    | MONROE       | 2006-02-15 04:34:33 |
|      121 | LIZA        | BERGMAN      | 2006-02-15 04:34:33 |
|      122 | SALMA       | NOLTE        | 2006-02-15 04:34:33 |
|      123 | JULIANNE    | DENCH        | 2006-02-15 04:34:33 |
|      124 | SCARLETT    | BENING       | 2006-02-15 04:34:33 |
|      125 | ALBERT      | NOLTE        | 2006-02-15 04:34:33 |
|      126 | FRANCES     | TOMEI        | 2006-02-15 04:34:33 |
|      127 | KEVIN       | GARLAND      | 2006-02-15 04:34:33 |
|      128 | CATE        | MCQUEEN      | 2006-02-15 04:34:33 |
|      129 | DARYL       | CRAWFORD     | 2006-02-15 04:34:33 |
|      130 | GRETA       | KEITEL       | 2006-02-15 04:34:33 |
|      131 | JANE        | JACKMAN      | 2006-02-15 04:34:33 |
|      132 | ADAM        | HOPPER       | 2006-02-15 04:34:33 |
|      133 | RICHARD     | PENN         | 2006-02-15 04:34:33 |
|      134 | GENE        | HOPKINS      | 2006-02-15 04:34:33 |
|      135 | RITA        | REYNOLDS     | 2006-02-15 04:34:33 |
|      136 | ED          | MANSFIELD    | 2006-02-15 04:34:33 |
|      137 | MORGAN      | WILLIAMS     | 2006-02-15 04:34:33 |
|      138 | LUCILLE     | DEE          | 2006-02-15 04:34:33 |
|      139 | EWAN        | GOODING      | 2006-02-15 04:34:33 |
|      140 | WHOOPI      | HURT         | 2006-02-15 04:34:33 |
|      141 | CATE        | HARRIS       | 2006-02-15 04:34:33 |
|      142 | JADA        | RYDER        | 2006-02-15 04:34:33 |
|      143 | RIVER       | DEAN         | 2006-02-15 04:34:33 |
|      144 | ANGELA      | WITHERSPOON  | 2006-02-15 04:34:33 |
|      145 | KIM         | ALLEN        | 2006-02-15 04:34:33 |
|      146 | ALBERT      | JOHANSSON    | 2006-02-15 04:34:33 |
|      147 | FAY         | WINSLET      | 2006-02-15 04:34:33 |
|      148 | EMILY       | DEE          | 2006-02-15 04:34:33 |
|      149 | RUSSELL     | TEMPLE       | 2006-02-15 04:34:33 |
|      150 | JAYNE       | NOLTE        | 2006-02-15 04:34:33 |
|      151 | GEOFFREY    | HESTON       | 2006-02-15 04:34:33 |
|      152 | BEN         | HARRIS       | 2006-02-15 04:34:33 |
|      153 | MINNIE      | KILMER       | 2006-02-15 04:34:33 |
|      154 | MERYL       | GIBSON       | 2006-02-15 04:34:33 |
|      155 | IAN         | TANDY        | 2006-02-15 04:34:33 |
|      156 | FAY         | WOOD         | 2006-02-15 04:34:33 |
|      157 | GRETA       | MALDEN       | 2006-02-15 04:34:33 |
|      158 | VIVIEN      | BASINGER     | 2006-02-15 04:34:33 |
|      159 | LAURA       | BRODY        | 2006-02-15 04:34:33 |
|      160 | CHRIS       | DEPP         | 2006-02-15 04:34:33 |
|      161 | HARVEY      | HOPE         | 2006-02-15 04:34:33 |
|      162 | OPRAH       | KILMER       | 2006-02-15 04:34:33 |
|      163 | CHRISTOPHER | WEST         | 2006-02-15 04:34:33 |
|      164 | HUMPHREY    | WILLIS       | 2006-02-15 04:34:33 |
|      165 | AL          | GARLAND      | 2006-02-15 04:34:33 |
|      166 | NICK        | DEGENERES    | 2006-02-15 04:34:33 |
|      167 | LAURENCE    | BULLOCK      | 2006-02-15 04:34:33 |
|      168 | WILL        | WILSON       | 2006-02-15 04:34:33 |
|      169 | KENNETH     | HOFFMAN      | 2006-02-15 04:34:33 |
|      170 | MENA        | HOPPER       | 2006-02-15 04:34:33 |
|      171 | OLYMPIA     | PFEIFFER     | 2006-02-15 04:34:33 |
|      172 | GROUCHO     | WILLIAMS     | 2006-02-15 04:34:33 |
|      173 | ALAN        | DREYFUSS     | 2006-02-15 04:34:33 |
|      174 | MICHAEL     | BENING       | 2006-02-15 04:34:33 |
|      175 | WILLIAM     | HACKMAN      | 2006-02-15 04:34:33 |
|      176 | JON         | CHASE        | 2006-02-15 04:34:33 |
|      177 | GENE        | MCKELLEN     | 2006-02-15 04:34:33 |
|      178 | LISA        | MONROE       | 2006-02-15 04:34:33 |
|      179 | ED          | GUINESS      | 2006-02-15 04:34:33 |
|      180 | JEFF        | SILVERSTONE  | 2006-02-15 04:34:33 |
|      181 | MATTHEW     | CARREY       | 2006-02-15 04:34:33 |
|      182 | DEBBIE      | AKROYD       | 2006-02-15 04:34:33 |
|      183 | RUSSELL     | CLOSE        | 2006-02-15 04:34:33 |
|      184 | HUMPHREY    | GARLAND      | 2006-02-15 04:34:33 |
|      185 | MICHAEL     | BOLGER       | 2006-02-15 04:34:33 |
|      186 | JULIA       | ZELLWEGER    | 2006-02-15 04:34:33 |
|      187 | RENEE       | BALL         | 2006-02-15 04:34:33 |
|      188 | ROCK        | DUKAKIS      | 2006-02-15 04:34:33 |
|      189 | CUBA        | BIRCH        | 2006-02-15 04:34:33 |
|      190 | AUDREY      | BAILEY       | 2006-02-15 04:34:33 |
|      191 | GREGORY     | GOODING      | 2006-02-15 04:34:33 |
|      192 | JOHN        | SUVARI       | 2006-02-15 04:34:33 |
|      193 | BURT        | TEMPLE       | 2006-02-15 04:34:33 |
|      194 | MERYL       | ALLEN        | 2006-02-15 04:34:33 |
|      195 | JAYNE       | SILVERSTONE  | 2006-02-15 04:34:33 |
|      196 | BELA        | WALKEN       | 2006-02-15 04:34:33 |
|      197 | REESE       | WEST         | 2006-02-15 04:34:33 |
|      198 | MARY        | KEITEL       | 2006-02-15 04:34:33 |
|      199 | JULIA       | FAWCETT      | 2006-02-15 04:34:33 |
|      200 | THORA       | TEMPLE       | 2006-02-15 04:34:33 |
+----------+-------------+--------------+---------------------+
200 rows in set (0.00 sec)

mysql> use Company;
Reading table information for completion of table and column names
You can turn off this feature to get a quicker startup with -A

Database changed
mysql> show tables;
+-------------------+
| Tables_in_Company |
+-------------------+
| dependent         |
| dept              |
| dept_locations    |
| employee          |
| project           |
| works_on          |
+-------------------+
6 rows in set (0.00 sec)

mysql> select * from employee;
+--------+--------+-------+-----+------------+---------------+--------+--------+----------+-----+
| Fname  | Mname  | Lname | Ssn | Bdate      | Address       | gender | salary | superSSn | Dno |
+--------+--------+-------+-----+------------+---------------+--------+--------+----------+-----+
| Sree   | hari   | p     |   1 | 2002-10-01 | cherpulassery | male   |      1 |      101 |   5 |
| vishnu | prasad | c     |   2 | 2001-04-04 | kuriyachira   | male   |  90000 |      102 |   5 |
| sanjo  | t      | s     |   3 | 2002-04-04 | puzhakkal     | male   |  70000 |      103 |   7 |
| sarin  | madhav | m     |   4 | 2002-04-05 | manjakkad     | male   |  80000 |      104 |   7 |
+--------+--------+-------+-----+------------+---------------+--------+--------+----------+-----+
4 rows in set (0.00 sec)

mysql>  create view personal_details as select Fname,Mname,Lname,Address from employee;
Query OK, 0 rows affected (0.01 sec)

mysql> select * from personal_details;
+--------+--------+-------+---------------+
| Fname  | Mname  | Lname | Address       |
+--------+--------+-------+---------------+
| Sree   | hari   | p     | cherpulassery |
| vishnu | prasad | c     | kuriyachira   |
| sanjo  | t      | s     | puzhakkal     |
| sarin  | madhav | m     | manjakkad     |
+--------+--------+-------+---------------+
4 rows in set (0.00 sec)

mysql> drop view personal_details;
Query OK, 0 rows affected (0.02 sec)

mysql> > drop view personal_details;
ERROR 1064 (42000): You have an error in your SQL syntax; check the manual that corresponds to your MySQL server version for the right syntax to use near '> drop view personal_details' at line 1
mysql> 


